date,open,high,low,close,volume,turnover_rate_pct,change_pct,amplitude_pct,market_cap_100m,symbol,name
2022-01-04,24.95,25.15,24.76,24.87,52306176,0.5408,0.0,1.57,3700.66,600030,中信证券
2022-01-05,24.68,24.83,24.3,24.53,65431080,0.6765,-1.37,2.13,3650.06,600030,中信证券
2022-01-06,24.94,25.03,24.64,24.85,64966824,0.6717,1.3,1.59,3697.68,600030,中信证券
2022-01-07,24.71,24.84,24.51,24.76,52083720,0.5385,-0.36,1.33,3684.29,600030,中信证券
2022-01-10,25.09,25.2,24.99,25.08,79639248,0.8234,1.29,0.85,3731.9,600030,中信证券
2022-01-11,24.67,24.98,24.47,24.8,65808288,0.6804,-1.12,2.03,3690.24,600030,中信证券
2022-01-12,24.87,25.09,24.62,24.79,51899952,0.5366,-0.04,1.9,3688.75,600030,中信证券
2022-01-13,25.15,25.5,24.98,25.27,38397840,0.397,1.94,2.1,3760.18,600030,中信证券
2022-01-14,25.41,25.7,25.19,25.56,76534536,0.7913,1.15,2.02,3803.33,600030,中信证券
2022-01-17,26.46,26.65,26.32,26.45,94302000,0.975,3.48,1.29,3935.76,600030,中信证券
2022-01-18,27.24,27.37,27.13,27.26,66282216,0.6853,3.06,0.91,4056.29,600030,中信证券
2022-01-19,27.96,28.03,27.63,27.85,50826360,0.5255,2.16,1.47,4144.08,600030,中信证券
2022-01-20,26.72,26.97,26.62,26.81,76795680,0.794,-3.73,1.26,3989.33,600030,中信证券
2022-01-21,27.43,27.79,27.3,27.55,74754888,0.7729,2.76,1.83,4099.44,600030,中信证券
2022-01-24,27.74,27.9,27.56,27.73,50942424,0.5267,0.65,1.23,4126.22,600030,中信证券
2022-01-25,27.86,28.09,27.73,27.93,41966808,0.4339,0.72,1.3,4155.98,600030,中信证券
2022-01-26,28.03,28.32,27.85,28.2,71350344,0.7377,0.97,1.68,4196.16,600030,中信证券
2022-01-27,27.97,28.23,27.64,27.85,67268760,0.6955,-1.24,2.09,4144.08,600030,中信证券
2022-01-28,28.17,28.29,27.82,27.99,33358728,0.3449,0.5,1.69,4164.91,600030,中信证券
2022-01-31,28.6,28.76,28.29,28.41,43407936,0.4488,1.5,1.68,4227.41,600030,中信证券
2022-02-01,29.0,29.34,28.82,29.19,55401216,0.5728,2.75,1.83,4343.47,600030,中信证券
2022-02-02,29.3,29.41,29.07,29.32,39877656,0.4123,0.45,1.16,4362.82,600030,中信证券
2022-02-03,29.31,29.52,29.16,29.26,65759928,0.6799,-0.2,1.23,4353.89,600030,中信证券
2022-02-04,29.0,29.23,28.87,28.98,53176656,0.5498,-0.96,1.23,4312.22,600030,中信证券
2022-02-07,28.82,28.99,28.5,28.7,55594656,0.5748,-0.97,1.69,4270.56,600030,中信证券
2022-02-08,29.94,30.07,29.68,29.81,92638416,0.9578,3.87,1.36,4435.73,600030,中信证券
2022-02-09,29.65,30.11,29.37,29.85,51619464,0.5337,0.13,2.48,4441.68,600030,中信证券
2022-02-10,29.88,30.33,29.62,30.05,40902888,0.4229,0.67,2.38,4471.44,600030,中信证券
2022-02-11,30.34,30.76,30.12,30.49,56233008,0.5814,1.46,2.13,4536.91,600030,中信证券
2022-02-14,30.27,30.66,30.08,30.45,60246888,0.6229,-0.13,1.9,4530.96,600030,中信证券
2022-02-15,30.04,30.09,29.79,30.03,82386096,0.8518,-1.38,0.99,4468.46,600030,中信证券
2022-02-16,29.81,30.08,29.43,29.69,37343592,0.3861,-1.13,2.16,4417.87,600030,中信证券
2022-02-17,29.15,29.5,29.05,29.3,70586256,0.7298,-1.31,1.52,4359.84,600030,中信证券
2022-02-18,28.41,28.66,28.2,28.51,85703592,0.8861,-2.7,1.57,4242.29,600030,中信证券
2022-02-21,28.51,28.59,28.33,28.5,58467240,0.6045,-0.04,0.91,4240.8,600030,中信证券
2022-02-22,28.68,28.85,28.55,28.61,48930648,0.5059,0.39,1.05,4257.17,600030,中信证券
2022-02-23,28.38,28.61,28.25,28.42,65663208,0.6789,-0.66,1.26,4228.9,600030,中信证券
2022-02-24,28.47,28.57,28.24,28.41,71253624,0.7367,-0.04,1.16,4227.41,600030,中信证券
2022-02-25,29.15,29.3,29.06,29.12,49714080,0.514,2.5,0.84,4333.06,600030,中信证券
2022-02-28,29.99,30.07,29.79,29.95,75992904,0.7857,2.85,0.96,4456.56,600030,中信证券
2022-03-01,29.58,29.95,29.49,29.74,57219552,0.5916,-0.7,1.54,4425.31,600030,中信证券
2022-03-02,30.18,30.36,29.94,30.18,41918448,0.4334,1.48,1.41,4490.78,600030,中信证券
2022-03-03,30.02,30.47,29.83,30.22,63709464,0.6587,0.13,2.12,4496.74,600030,中信证券
2022-03-04,29.15,29.32,29.01,29.21,93383160,0.9655,-3.34,1.03,4346.45,600030,中信证券
2022-03-07,29.36,29.76,29.13,29.51,83237232,0.8606,1.03,2.16,4391.09,600030,中信证券
2022-03-08,30.04,30.16,29.9,30.02,84581640,0.8745,1.73,0.88,4466.98,600030,中信证券
2022-03-09,30.58,30.75,30.36,30.53,89330592,0.9236,1.7,1.3,4542.86,600030,中信证券
2022-03-10,30.2,30.59,29.99,30.37,66204840,0.6845,-0.52,1.97,4519.06,600030,中信证券
2022-03-11,31.36,31.42,31.17,31.36,79484496,0.8218,3.26,0.82,4666.37,600030,中信证券
2022-03-14,31.42,31.66,31.11,31.34,64957152,0.6716,-0.06,1.75,4663.39,600030,中信证券
2022-03-15,31.55,31.84,31.21,31.38,41550912,0.4296,0.13,2.01,4669.34,600030,中信证券
2022-03-16,30.23,30.65,30.1,30.36,77492064,0.8012,-3.25,1.75,4517.57,600030,中信证券
2022-03-17,29.84,29.98,29.65,29.87,69860856,0.7223,-1.61,1.09,4444.66,600030,中信证券
2022-03-18,29.14,29.52,28.97,29.26,65150592,0.6736,-2.04,1.84,4353.89,600030,中信证券
2022-03-21,29.24,29.57,29.13,29.41,68061864,0.7037,0.51,1.5,4376.21,600030,中信证券
2022-03-22,29.69,29.83,29.22,29.5,31066464,0.3212,0.31,2.07,4389.6,600030,中信证券
2022-03-23,29.78,29.9,29.42,29.67,33310368,0.3444,0.58,1.63,4414.9,600030,中信证券
2022-03-24,29.42,29.55,29.31,29.44,63902904,0.6607,-0.78,0.81,4380.67,600030,中信证券
2022-03-25,29.11,29.29,28.9,29.22,38726688,0.4004,-0.75,1.32,4347.94,600030,中信证券
2022-03-28,30.14,30.28,29.89,30.03,65024856,0.6723,2.77,1.33,4468.46,600030,中信证券
2022-03-29,30.09,30.24,29.92,30.0,60933600,0.63,-0.1,1.07,4464.0,600030,中信证券
2022-03-30,29.51,29.62,29.11,29.36,86129160,0.8905,-2.13,1.7,4368.77,600030,中信证券
2022-03-31,29.33,29.62,29.07,29.48,41434848,0.4284,0.41,1.87,4386.62,600030,中信证券
2022-04-01,28.88,29.19,28.78,29.03,67404168,0.6969,-1.53,1.39,4319.66,600030,中信证券
2022-04-04,28.92,28.99,28.61,28.81,52093392,0.5386,-0.76,1.31,4286.93,600030,中信证券
2022-04-05,28.76,28.94,28.61,28.8,60459672,0.6251,-0.03,1.15,4285.44,600030,中信证券
2022-04-06,29.17,29.21,28.99,29.14,42701880,0.4415,1.18,0.76,4336.03,600030,中信证券
2022-04-07,30.16,30.25,29.83,30.0,101111088,1.0454,2.95,1.44,4464.0,600030,中信证券
2022-04-08,30.37,30.76,30.26,30.54,57296928,0.5924,1.8,1.67,4544.35,600030,中信证券
2022-04-11,31.31,31.43,30.94,31.17,49327200,0.51,2.06,1.6,4638.1,600030,中信证券
2022-04-12,31.39,31.7,31.25,31.57,62171616,0.6428,1.28,1.44,4697.62,600030,中信证券
2022-04-13,32.2,32.63,31.91,32.34,82202328,0.8499,2.44,2.28,4812.19,600030,中信证券
2022-04-14,31.7,31.87,31.27,31.56,78449592,0.8111,-2.41,1.86,4696.13,600030,中信证券
2022-04-15,31.8,32.07,31.48,31.58,34171176,0.3533,0.06,1.87,4699.1,600030,中信证券
2022-04-18,30.87,31.05,30.72,30.85,89611080,0.9265,-2.31,1.04,4590.48,600030,中信证券
2022-04-19,32.25,32.66,31.95,32.46,119197728,1.2324,5.22,2.3,4830.05,600030,中信证券
2022-04-20,31.49,31.75,31.37,31.51,100849944,1.0427,-2.93,1.17,4688.69,600030,中信证券
2022-04-21,32.4,32.87,32.3,32.62,93373488,0.9654,3.52,1.81,4853.86,600030,中信证券
2022-04-22,33.02,33.33,32.76,33.09,81409224,0.8417,1.44,1.75,4923.79,600030,中信证券
2022-04-25,33.14,33.43,32.88,33.01,35709024,0.3692,-0.24,1.66,4911.89,600030,中信证券
2022-04-26,33.13,33.42,32.95,33.2,78053040,0.807,0.58,1.42,4940.16,600030,中信证券
2022-04-27,33.33,33.62,32.94,33.11,35186736,0.3638,-0.27,2.05,4926.77,600030,中信证券
2022-04-28,33.66,33.95,33.33,33.5,52132080,0.539,1.18,1.87,4984.8,600030,中信证券
2022-04-29,32.76,33.18,32.55,32.89,51822576,0.5358,-1.82,1.88,4894.03,600030,中信证券
2022-05-02,31.96,32.28,31.71,32.07,83024448,0.8584,-2.49,1.73,4772.02,600030,中信证券
2022-05-03,32.05,32.22,31.9,31.98,41966808,0.4339,-0.28,1.0,4758.62,600030,中信证券
2022-05-04,32.0,32.17,31.78,32.08,59066904,0.6107,0.31,1.22,4773.5,600030,中信证券
2022-05-05,31.29,31.6,31.19,31.4,76718304,0.7932,-2.12,1.28,4672.32,600030,中信证券
2022-05-06,31.39,31.64,31.3,31.54,45342336,0.4688,0.45,1.08,4693.15,600030,中信证券
2022-05-09,31.85,32.18,31.73,31.97,49346544,0.5102,1.36,1.43,4757.14,600030,中信证券
2022-05-10,31.29,31.55,31.01,31.41,70741008,0.7314,-1.75,1.69,4673.81,600030,中信证券
2022-05-11,30.65,30.79,30.55,30.62,41115672,0.4251,-2.52,0.76,4556.26,600030,中信证券
2022-05-12,29.8,30.02,29.68,29.8,61717032,0.6381,-2.68,1.11,4434.24,600030,中信证券
2022-05-13,28.99,29.15,28.86,28.97,78546312,0.8121,-2.79,0.97,4310.74,600030,中信证券
2022-05-16,28.42,28.72,28.37,28.49,46464288,0.4804,-1.66,1.21,4239.31,600030,中信证券
2022-05-17,28.25,28.42,28.12,28.27,69648072,0.7201,-0.77,1.05,4206.58,600030,中信证券
2022-05-18,27.82,28.05,27.62,27.73,53302392,0.5511,-1.91,1.52,4126.22,600030,中信证券
2022-05-19,27.87,28.14,27.77,28.03,55614000,0.575,1.08,1.33,4170.86,600030,中信证券
2022-05-20,27.51,27.71,27.28,27.61,86999640,0.8995,-1.5,1.53,4108.37,600030,中信证券
2022-05-23,27.98,28.08,27.72,27.81,36656880,0.379,0.72,1.3,4138.13,600030,中信证券
2022-05-24,28.02,28.35,27.85,28.22,49917192,0.5161,1.47,1.8,4199.14,600030,中信证券
2022-05-25,28.11,28.22,27.82,27.99,64280112,0.6646,-0.82,1.42,4164.91,600030,中信证券
2022-05-26,28.3,28.73,28.18,28.48,56910048,0.5884,1.75,1.96,4237.82,600030,中信证券
2022-05-27,29.26,29.48,29.11,29.3,46570680,0.4815,2.88,1.3,4359.84,600030,中信证券
2022-05-30,29.56,29.71,29.38,29.48,68081208,0.7039,0.61,1.13,4386.62,600030,中信证券
2022-05-31,28.3,28.52,28.07,28.34,86941608,0.8989,-3.87,1.53,4216.99,600030,中信证券
2022-06-01,29.11,29.34,28.78,28.97,86709480,0.8965,2.22,1.98,4310.74,600030,中信证券
2022-06-02,29.79,29.95,29.51,29.71,44674968,0.4619,2.55,1.52,4420.85,600030,中信证券
2022-06-03,30.78,30.87,30.4,30.66,93992496,0.9718,3.2,1.58,4562.21,600030,中信证券
2022-06-06,29.91,30.14,29.55,29.8,68903328,0.7124,-2.8,1.92,4434.24,600030,中信证券
2022-06-07,29.47,29.66,29.12,29.33,60469344,0.6252,-1.58,1.81,4364.3,600030,中信证券
2022-06-08,29.42,29.6,29.11,29.28,73313760,0.758,-0.17,1.67,4356.86,600030,中信证券
2022-06-09,29.04,29.37,28.96,29.19,58631664,0.6062,-0.31,1.4,4343.47,600030,中信证券
2022-06-10,30.23,30.33,29.93,30.05,64212408,0.6639,2.95,1.37,4471.44,600030,中信证券
2022-06-13,30.23,30.39,30.02,30.18,49791456,0.5148,0.43,1.23,4490.78,600030,中信证券
2022-06-14,30.92,31.36,30.8,31.08,104709072,1.0826,2.98,1.86,4624.7,600030,中信证券
2022-06-15,31.12,31.22,30.78,31.04,49356216,0.5103,-0.13,1.42,4618.75,600030,中信证券
2022-06-16,31.84,32.15,31.38,31.63,75896184,0.7847,1.9,2.48,4706.54,600030,中信证券
2022-06-17,31.84,32.08,31.65,31.93,33871344,0.3502,0.95,1.36,4751.18,600030,中信证券
2022-06-20,32.63,32.87,32.28,32.51,65982384,0.6822,1.82,1.85,4837.49,600030,中信证券
2022-06-21,33.33,33.51,32.93,33.18,75712416,0.7828,2.06,1.78,4937.18,600030,中信证券
2022-06-22,31.7,31.84,31.43,31.66,89804520,0.9285,-4.58,1.24,4711.01,600030,中信证券
2022-06-23,31.79,31.85,31.46,31.71,51861264,0.5362,0.16,1.23,4718.45,600030,中信证券
2022-06-24,31.28,31.53,31.14,31.41,49907520,0.516,-0.95,1.23,4673.81,600030,中信证券
2022-06-27,31.15,31.32,30.89,31.08,58457568,0.6044,-1.05,1.37,4624.7,600030,中信证券
2022-06-28,30.77,31.14,30.55,30.87,64396176,0.6658,-0.68,1.9,4593.46,600030,中信证券
2022-06-29,31.6,31.86,31.4,31.61,98383584,1.0172,2.4,1.49,4703.57,600030,中信证券
2022-06-30,31.31,31.49,31.13,31.38,62074896,0.6418,-0.73,1.14,4669.34,600030,中信证券
2022-07-01,30.9,31.13,30.83,30.99,43156464,0.4462,-1.24,0.96,4611.31,600030,中信证券
2022-07-04,31.24,31.35,31.12,31.23,49027368,0.5069,0.77,0.74,4647.02,600030,中信证券
2022-07-05,31.51,31.73,31.26,31.35,54617784,0.5647,0.38,1.5,4664.88,600030,中信证券
2022-07-06,31.31,31.71,31.13,31.45,45110208,0.4664,0.32,1.85,4679.76,600030,中信证券
2022-07-07,30.52,30.7,30.43,30.61,45303648,0.4684,-2.67,0.86,4554.77,600030,中信证券
2022-07-08,31.92,32.02,31.6,31.76,89320920,0.9235,3.76,1.37,4725.89,600030,中信证券
2022-07-11,31.44,31.71,31.11,31.34,42353688,0.4379,-1.32,1.89,4663.39,600030,中信证券
2022-07-12,30.72,30.99,30.61,30.86,86999640,0.8995,-1.53,1.21,4591.97,600030,中信证券
2022-07-13,30.52,30.79,30.31,30.62,71340672,0.7376,-0.78,1.56,4556.26,600030,中信证券
2022-07-14,31.1,31.37,30.9,31.2,75876840,0.7845,1.89,1.53,4642.56,600030,中信证券
2022-07-15,30.9,31.09,30.84,30.93,52992888,0.5479,-0.87,0.8,4602.38,600030,中信证券
2022-07-18,30.32,30.64,30.21,30.53,53031576,0.5483,-1.29,1.39,4542.86,600030,中信证券
2022-07-19,30.62,30.8,30.52,30.69,46338552,0.4791,0.52,0.92,4566.67,600030,中信证券
2022-07-20,30.14,30.47,29.92,30.3,86013096,0.8893,-1.27,1.79,4508.64,600030,中信证券
2022-07-21,30.16,30.4,29.89,30.02,56910048,0.5884,-0.92,1.68,4466.98,600030,中信证券
2022-07-22,29.81,29.88,29.75,29.81,77337312,0.7996,-0.7,0.43,4435.73,600030,中信证券
2022-07-25,29.63,29.89,29.43,29.68,55178760,0.5705,-0.44,1.54,4416.38,600030,中信证券
2022-07-26,30.7,30.89,30.49,30.66,55884816,0.5778,3.3,1.35,4562.21,600030,中信证券
2022-07-27,31.33,31.57,31.18,31.32,69319224,0.7167,2.15,1.27,4660.42,600030,中信证券
2022-07-28,30.97,31.33,30.73,31.07,68893656,0.7123,-0.8,1.92,4623.22,600030,中信证券
2022-07-29,29.9,30.17,29.64,30.03,103558104,1.0707,-3.35,1.71,4468.46,600030,中信证券
2022-08-01,30.31,30.58,29.94,30.12,65392392,0.6761,0.3,2.13,4481.86,600030,中信证券
2022-08-02,30.89,31.13,30.79,30.84,45671184,0.4722,2.39,1.13,4588.99,600030,中信证券
2022-08-03,31.06,31.17,30.68,30.85,36908352,0.3816,0.03,1.59,4590.48,600030,中信证券
2022-08-04,31.72,31.93,31.46,31.64,58573632,0.6056,2.56,1.52,4708.03,600030,中信证券
2022-08-05,30.71,31.09,30.55,30.87,49220808,0.5089,-2.43,1.71,4593.46,600030,中信证券
2022-08-08,30.04,30.3,29.99,30.09,86738496,0.8968,-2.53,1.0,4477.39,600030,中信证券
2022-08-09,29.62,29.83,29.37,29.53,67839408,0.7014,-1.86,1.53,4394.06,600030,中信证券
2022-08-10,29.28,29.61,29.03,29.45,60053448,0.6209,-0.27,1.96,4382.16,600030,中信证券
2022-08-11,29.19,29.57,29.01,29.33,54346968,0.5619,-0.41,1.9,4364.3,600030,中信证券
2022-08-12,29.07,29.28,28.95,29.14,73246056,0.7573,-0.65,1.13,4336.03,600030,中信证券
2022-08-15,29.13,29.45,29.03,29.22,72897864,0.7537,0.27,1.44,4347.94,600030,中信证券
2022-08-16,29.02,29.08,28.94,28.99,45864624,0.4742,-0.79,0.48,4313.71,600030,中信证券
2022-08-17,28.8,29.11,28.73,28.88,70402488,0.7279,-0.38,1.31,4297.34,600030,中信证券
2022-08-18,28.96,29.04,28.77,28.96,67820064,0.7012,0.28,0.93,4309.25,600030,中信证券
2022-08-19,28.8,29.21,28.66,28.99,29992872,0.3101,0.1,1.9,4313.71,600030,中信证券
2022-08-22,28.51,28.72,28.39,28.54,49404576,0.5108,-1.55,1.14,4246.75,600030,中信证券
2022-08-23,27.94,28.24,27.86,28.08,83169528,0.8599,-1.61,1.33,4178.3,600030,中信证券
2022-08-24,27.37,27.59,27.29,27.34,51793560,0.5355,-2.64,1.07,4068.19,600030,中信证券
2022-08-25,27.52,27.71,27.44,27.48,44810376,0.4633,0.51,0.99,4089.02,600030,中信证券
2022-08-26,26.56,26.77,26.52,26.59,43175808,0.4464,-3.24,0.91,3956.59,600030,中信证券
2022-08-29,26.84,26.89,26.62,26.81,57471024,0.5942,0.83,1.02,3989.33,600030,中信证券
2022-08-30,28.11,28.32,28.02,28.25,64463880,0.6665,5.37,1.12,4203.6,600030,中信证券
2022-08-31,28.24,28.36,28.17,28.22,48263280,0.499,-0.11,0.67,4199.14,600030,中信证券
2022-09-01,28.83,29.24,28.67,28.98,52412568,0.5419,2.69,2.02,4312.22,600030,中信证券
2022-09-02,28.58,28.94,28.49,28.71,53853696,0.5568,-0.93,1.55,4272.05,600030,中信证券
2022-09-05,28.46,28.57,28.2,28.37,42508440,0.4395,-1.18,1.29,4221.46,600030,中信证券
2022-09-06,28.23,28.33,27.94,28.06,38098008,0.3939,-1.09,1.37,4175.33,600030,中信证券
2022-09-07,27.34,27.67,27.26,27.45,44491200,0.46,-2.17,1.46,4084.56,600030,中信证券
2022-09-08,27.06,27.26,26.84,27.08,66978600,0.6925,-1.35,1.53,4029.5,600030,中信证券
2022-09-09,27.51,27.87,27.42,27.63,43175808,0.4464,2.03,1.66,4111.34,600030,中信证券
2022-09-12,27.69,28.04,27.48,27.85,63409632,0.6556,0.8,2.03,4144.08,600030,中信证券
2022-09-13,27.2,27.43,27.06,27.18,54724176,0.5658,-2.41,1.33,4044.38,600030,中信证券
2022-09-14,27.51,27.75,27.1,27.34,55749408,0.5764,0.59,2.39,4068.19,600030,中信证券
2022-09-15,27.67,27.8,27.5,27.59,52025688,0.5379,0.91,1.1,4105.39,600030,中信证券
2022-09-16,28.17,28.44,28.02,28.23,72569016,0.7503,2.32,1.52,4200.62,600030,中信证券
2022-09-19,28.28,28.45,27.99,28.17,59279688,0.6129,-0.21,1.63,4191.7,600030,中信证券
2022-09-20,27.86,28.0,27.76,27.81,49685064,0.5137,-1.28,0.85,4138.13,600030,中信证券
2022-09-21,27.52,27.74,27.36,27.64,60614424,0.6267,-0.61,1.37,4112.83,600030,中信证券
2022-09-22,27.65,27.85,27.44,27.57,33523152,0.3466,-0.25,1.48,4102.42,600030,中信证券
2022-09-23,28.6,28.71,28.46,28.61,53708616,0.5553,3.77,0.91,4257.17,600030,中信证券
2022-09-26,28.25,28.46,28.1,28.22,50129976,0.5183,-1.36,1.26,4199.14,600030,中信证券
2022-09-27,29.19,29.41,29.03,29.17,79639248,0.8234,3.37,1.35,4340.5,600030,中信证券
2022-09-28,29.67,30.07,29.4,29.85,67858752,0.7016,2.33,2.3,4441.68,600030,中信证券
2022-09-29,29.16,29.3,29.06,29.19,48098856,0.4973,-2.21,0.8,4343.47,600030,中信证券
2022-09-30,29.42,29.67,29.16,29.58,65218296,0.6743,1.34,1.75,4401.5,600030,中信证券
2022-10-03,28.5,28.78,28.29,28.55,78343200,0.81,-3.48,1.66,4248.24,600030,中信证券
2022-10-04,28.94,29.03,28.74,28.85,41396160,0.428,1.05,1.02,4292.88,600030,中信证券
2022-10-05,29.2,29.37,29.15,29.19,83217888,0.8604,1.18,0.76,4343.47,600030,中信证券
2022-10-06,27.79,27.96,27.61,27.85,120754920,1.2485,-4.59,1.2,4144.08,600030,中信证券
2022-10-07,26.02,26.22,25.69,25.88,79010568,0.8169,-7.07,1.9,3850.94,600030,中信证券
2022-10-10,25.87,26.11,25.74,25.93,35090016,0.3628,0.19,1.43,3858.38,600030,中信证券
2022-10-11,26.3,26.46,26.07,26.15,42353688,0.4379,0.85,1.5,3891.12,600030,中信证券
2022-10-12,26.4,26.65,26.04,26.24,68671200,0.71,0.34,2.33,3904.51,600030,中信证券
2022-10-13,26.5,26.65,26.36,26.55,40612728,0.4199,1.18,1.11,3950.64,600030,中信证券
2022-10-14,26.41,26.7,26.29,26.48,49491624,0.5117,-0.26,1.54,3940.22,600030,中信证券
2022-10-17,25.76,25.98,25.48,25.64,43872192,0.4536,-3.17,1.89,3815.23,600030,中信证券
2022-10-18,25.13,25.2,25.05,25.09,41628288,0.4304,-2.15,0.59,3733.39,600030,中信证券
2022-10-19,25.34,25.44,25.22,25.31,43649736,0.4513,0.88,0.88,3766.13,600030,中信证券
2022-10-20,24.41,24.62,24.22,24.32,46386912,0.4796,-3.91,1.58,3618.82,600030,中信证券
2022-10-21,24.21,24.38,24.12,24.2,70247736,0.7263,-0.49,1.07,3600.96,600030,中信证券
2022-10-24,24.64,25.0,24.52,24.8,92628744,0.9577,2.48,1.98,3690.24,600030,中信证券
2022-10-25,24.38,24.51,24.19,24.26,93760368,0.9694,-2.18,1.29,3609.89,600030,中信证券
2022-10-26,24.54,24.78,24.45,24.6,37479000,0.3875,1.4,1.36,3660.48,600030,中信证券
2022-10-27,24.72,24.84,24.56,24.71,50294400,0.52,0.45,1.14,3676.85,600030,中信证券
2022-10-28,24.47,24.62,24.41,24.55,46957560,0.4855,-0.65,0.85,3653.04,600030,中信证券
2022-10-31,24.97,25.16,24.86,25.08,58467240,0.6045,2.16,1.22,3731.9,600030,中信证券
2022-11-01,24.6,24.89,24.47,24.75,71717880,0.7415,-1.32,1.67,3682.8,600030,中信证券
2022-11-02,24.63,24.99,24.52,24.79,67955472,0.7026,0.16,1.9,3688.75,600030,中信证券
2022-11-03,24.63,24.98,24.49,24.77,67191384,0.6947,-0.08,1.98,3685.78,600030,中信证券
2022-11-04,24.58,24.76,24.47,24.6,52257816,0.5403,-0.69,1.17,3660.48,600030,中信证券
2022-11-07,23.84,24.04,23.63,23.96,56097600,0.58,-2.6,1.67,3565.25,600030,中信证券
2022-11-08,23.76,24.11,23.63,23.91,51648480,0.534,-0.21,2.0,3557.81,600030,中信证券
2022-11-09,24.89,25.21,24.78,25.02,114352056,1.1823,4.64,1.8,3722.98,600030,中信证券
2022-11-10,24.4,24.57,24.15,24.34,101797800,1.0525,-2.72,1.68,3621.79,600030,中信证券
2022-11-11,24.34,24.56,24.21,24.42,62161944,0.6427,0.33,1.44,3633.7,600030,中信证券
2022-11-14,23.61,23.82,23.43,23.52,47615256,0.4923,-3.69,1.6,3499.78,600030,中信证券
2022-11-15,23.23,23.43,23.02,23.35,57451680,0.594,-0.72,1.74,3474.48,600030,中信证券
2022-11-16,23.91,23.99,23.63,23.8,59502144,0.6152,1.93,1.54,3541.44,600030,中信证券
2022-11-17,23.04,23.22,22.93,23.16,88102248,0.9109,-2.69,1.22,3446.21,600030,中信证券
2022-11-18,22.84,23.15,22.7,22.98,78343200,0.81,-0.78,1.94,3419.42,600030,中信证券
2022-11-21,22.83,22.92,22.53,22.67,84804096,0.8768,-1.35,1.7,3373.3,600030,中信证券
2022-11-22,22.53,22.8,22.36,22.68,61688016,0.6378,0.04,1.94,3374.78,600030,中信证券
2022-11-23,22.64,22.92,22.51,22.75,35970168,0.3719,0.31,1.81,3385.2,600030,中信证券
2022-11-24,23.09,23.27,22.84,22.98,42875976,0.4433,1.01,1.89,3419.42,600030,中信证券
2022-11-25,22.09,22.28,21.9,22.03,113655672,1.1751,-4.13,1.65,3278.06,600030,中信证券
2022-11-28,21.74,21.85,21.49,21.66,76669944,0.7927,-1.68,1.63,3223.01,600030,中信证券
2022-11-29,21.81,21.93,21.6,21.73,69541680,0.719,0.32,1.52,3233.42,600030,中信证券
2022-11-30,22.39,22.45,22.28,22.35,97667856,1.0098,2.85,0.78,3325.68,600030,中信证券
2022-12-01,21.81,21.93,21.61,21.7,68874312,0.7121,-2.91,1.43,3228.96,600030,中信证券
2022-12-02,22.07,22.26,21.9,21.97,42285984,0.4372,1.24,1.66,3269.14,600030,中信证券
2022-12-05,22.36,22.57,22.32,22.4,63332256,0.6548,1.96,1.14,3333.12,600030,中信证券
2022-12-06,21.65,21.76,21.46,21.58,81196440,0.8395,-3.66,1.34,3211.1,600030,中信证券
2022-12-07,21.54,21.74,21.4,21.59,66485328,0.6874,0.05,1.58,3212.59,600030,中信证券
2022-12-08,21.22,21.35,21.17,21.3,75799464,0.7837,-1.34,0.83,3169.44,600030,中信证券
2022-12-09,21.21,21.3,21.11,21.2,72423936,0.7488,-0.47,0.89,3154.56,600030,中信证券
2022-12-12,20.93,21.12,20.78,20.99,38465544,0.3977,-0.99,1.6,3123.31,600030,中信证券
2022-12-13,20.91,21.0,20.77,20.94,61243104,0.6332,-0.24,1.1,3115.87,600030,中信证券
2022-12-14,20.92,21.12,20.78,21.03,44771688,0.4629,0.43,1.62,3129.26,600030,中信证券
2022-12-15,20.76,20.84,20.62,20.69,61881456,0.6398,-1.62,1.05,3078.67,600030,中信证券
2022-12-16,20.51,20.57,20.26,20.44,34625760,0.358,-1.21,1.5,3041.47,600030,中信证券
2022-12-19,20.34,20.37,20.26,20.33,67684656,0.6998,-0.54,0.54,3025.1,600030,中信证券
2022-12-20,20.24,20.3,20.0,20.13,55285152,0.5716,-0.98,1.48,2995.34,600030,中信证券
2022-12-21,20.11,20.24,19.94,20.1,52731744,0.5452,-0.15,1.49,2990.88,600030,中信证券
2022-12-22,19.76,19.99,19.65,19.84,53321736,0.5513,-1.29,1.69,2952.19,600030,中信证券
2022-12-23,19.32,19.42,19.2,19.29,52702728,0.5449,-2.77,1.11,2870.35,600030,中信证券
2022-12-26,18.87,18.95,18.72,18.78,50400792,0.5211,-2.64,1.19,2794.46,600030,中信证券
2022-12-27,19.34,19.46,19.08,19.26,97416384,1.0072,2.56,2.02,2865.89,600030,中信证券
2022-12-28,19.45,19.58,19.25,19.4,46019376,0.4758,0.73,1.71,2886.72,600030,中信证券
2022-12-29,19.62,19.67,19.46,19.57,50797344,0.5252,0.88,1.08,2912.02,600030,中信证券
2022-12-30,20.15,20.32,19.9,20.05,45777576,0.4733,2.45,2.15,2983.44,600030,中信证券
2023-01-02,20.34,20.63,20.17,20.47,38001288,0.3929,2.09,2.29,3045.94,600030,中信证券
2023-01-03,20.46,20.72,20.35,20.54,44007600,0.455,0.34,1.81,3056.35,600030,中信证券
2023-01-04,20.3,20.47,20.14,20.31,57606432,0.5956,-1.12,1.61,3022.13,600030,中信证券
2023-01-05,20.79,20.9,20.65,20.75,43195152,0.4466,2.17,1.23,3087.6,600030,中信证券
2023-01-06,20.03,20.18,19.97,20.12,89649768,0.9269,-3.04,1.01,2993.86,600030,中信证券
2023-01-09,19.94,20.03,19.76,19.89,81873480,0.8465,-1.14,1.34,2959.63,600030,中信证券
2023-01-10,20.01,20.15,19.86,19.99,53196000,0.55,0.5,1.46,2974.51,600030,中信证券
2023-01-11,19.53,19.68,19.42,19.59,90375168,0.9344,-2.0,1.3,2914.99,600030,中信证券
2023-01-12,19.98,20.13,19.67,19.84,78855816,0.8153,1.28,2.35,2952.19,600030,中信证券
2023-01-13,19.54,19.8,19.4,19.66,51774216,0.5353,-0.91,2.02,2925.41,600030,中信证券
2023-01-16,19.74,19.8,19.62,19.69,56242680,0.5815,0.15,0.92,2929.87,600030,中信证券
2023-01-17,19.3,19.37,19.04,19.18,92367600,0.955,-2.59,1.68,2853.98,600030,中信证券
2023-01-18,19.44,19.6,19.37,19.46,54936960,0.568,1.46,1.2,2895.65,600030,中信证券
2023-01-19,19.84,20.01,19.73,19.77,42053856,0.4348,1.59,1.44,2941.78,600030,中信证券
2023-01-20,19.98,20.03,19.87,19.97,75538320,0.781,1.01,0.81,2971.54,600030,中信证券
2023-01-23,19.21,19.27,19.12,19.23,78024024,0.8067,-3.71,0.75,2861.42,600030,中信证券
2023-01-24,19.43,19.51,19.32,19.45,45410040,0.4695,1.14,0.99,2894.16,600030,中信证券
2023-01-25,19.4,19.59,19.32,19.49,44404152,0.4591,0.21,1.39,2900.11,600030,中信证券
2023-01-26,19.31,19.4,19.17,19.3,74106864,0.7662,-0.97,1.18,2871.84,600030,中信证券
2023-01-27,20.06,20.37,19.92,20.18,84175416,0.8703,4.56,2.33,3002.78,600030,中信证券
2023-01-30,20.13,20.19,20.08,20.11,47102640,0.487,-0.35,0.55,2992.37,600030,中信证券
2023-01-31,20.12,20.4,19.96,20.25,45477744,0.4702,0.7,2.19,3013.2,600030,中信证券
2023-02-01,20.26,20.32,20.11,20.2,59753616,0.6178,-0.25,1.04,3005.76,600030,中信证券
2023-02-02,19.95,20.25,19.8,20.08,58138392,0.6011,-0.59,2.23,2987.9,600030,中信证券
2023-02-03,19.73,19.92,19.5,19.63,73855392,0.7636,-2.24,2.09,2920.94,600030,中信证券
2023-02-06,19.59,19.66,19.43,19.5,65566488,0.6779,-0.66,1.17,2901.6,600030,中信证券
2023-02-07,19.12,19.39,18.97,19.21,55517280,0.574,-1.49,2.15,2858.45,600030,中信证券
2023-02-08,19.41,19.51,19.23,19.36,39007176,0.4033,0.78,1.46,2880.77,600030,中信证券
2023-02-09,18.78,18.93,18.55,18.65,59898696,0.6193,-3.67,1.96,2775.12,600030,中信证券
2023-02-10,18.58,18.7,18.51,18.63,72452952,0.7491,-0.11,1.02,2772.14,600030,中信证券
2023-02-13,18.48,18.64,18.4,18.57,71495424,0.7392,-0.32,1.29,2763.22,600030,中信证券
2023-02-14,18.57,18.66,18.39,18.5,52770432,0.5456,-0.38,1.45,2752.8,600030,中信证券
2023-02-15,18.13,18.26,17.9,18.04,67868424,0.7017,-2.49,1.95,2684.35,600030,中信证券
2023-02-16,18.25,18.33,18.18,18.22,78352872,0.8101,1.0,0.83,2711.14,600030,中信证券
2023-02-17,18.09,18.24,17.86,17.98,35786400,0.37,-1.32,2.09,2675.42,600030,中信证券
2023-02-20,17.99,18.09,17.78,17.92,61407528,0.6349,-0.33,1.72,2666.5,600030,中信证券
2023-02-21,18.33,18.45,18.2,18.35,73052616,0.7553,2.4,1.4,2730.48,600030,中信证券
2023-02-22,18.4,18.49,18.16,18.29,57209880,0.5915,-0.33,1.8,2721.55,600030,中信证券
2023-02-23,18.77,18.83,18.65,18.74,98103096,1.0143,2.46,0.98,2788.51,600030,中信证券
2023-02-24,18.93,19.01,18.76,18.92,79842360,0.8255,0.96,1.33,2815.3,600030,中信证券
2023-02-27,18.57,18.7,18.48,18.56,89968944,0.9302,-1.9,1.16,2761.73,600030,中信证券
2023-02-28,18.89,19.03,18.68,18.81,36995400,0.3825,1.35,1.89,2798.93,600030,中信证券
2023-03-01,19.39,19.49,19.29,19.42,53892384,0.5572,3.24,1.06,2889.7,600030,中信证券
2023-03-02,19.36,19.55,19.23,19.4,68709888,0.7104,-0.1,1.65,2886.72,600030,中信证券
2023-03-03,18.9,19.13,18.83,19.03,62055552,0.6416,-1.91,1.55,2831.66,600030,中信证券
2023-03-06,18.95,19.09,18.7,18.86,32942832,0.3406,-0.89,2.05,2806.37,600030,中信证券
2023-03-07,18.66,18.76,18.58,18.65,58476912,0.6046,-1.11,0.95,2775.12,600030,中信证券
2023-03-08,18.54,18.64,18.36,18.45,60740160,0.628,-1.07,1.5,2745.36,600030,中信证券
2023-03-09,19.04,19.09,18.88,19.03,64512240,0.667,3.14,1.14,2831.66,600030,中信证券
2023-03-10,18.98,19.11,18.88,19.03,70828056,0.7323,0.0,1.21,2831.66,600030,中信证券
2023-03-13,19.0,19.13,18.9,18.96,36859992,0.3811,-0.37,1.21,2821.25,600030,中信证券
2023-03-14,18.96,19.12,18.79,18.87,45032832,0.4656,-0.47,1.74,2807.86,600030,中信证券
2023-03-15,19.41,19.6,19.21,19.3,57190536,0.5913,2.28,2.07,2871.84,600030,中信证券
2023-03-16,19.18,19.3,19.09,19.17,39955032,0.4131,-0.67,1.09,2852.5,600030,中信证券
2023-03-17,19.3,19.55,19.16,19.38,82743960,0.8555,1.1,2.03,2883.74,600030,中信证券
2023-03-20,19.35,19.59,19.25,19.42,53147640,0.5495,0.21,1.75,2889.7,600030,中信证券
2023-03-21,19.41,19.49,19.24,19.39,30205656,0.3123,-0.15,1.29,2885.23,600030,中信证券
2023-03-22,19.46,19.63,19.31,19.52,41231736,0.4263,0.67,1.65,2904.58,600030,中信证券
2023-03-23,20.15,20.28,19.92,20.02,87908808,0.9089,2.56,1.84,2978.98,600030,中信证券
2023-03-24,20.35,20.48,20.21,20.39,37604736,0.3888,1.85,1.35,3034.03,600030,中信证券
2023-03-27,20.75,20.79,20.66,20.76,64077000,0.6625,1.81,0.64,3089.09,600030,中信证券
2023-03-28,20.81,21.02,20.73,20.86,53041248,0.5484,0.48,1.4,3103.97,600030,中信证券
2023-03-29,21.28,21.34,21.05,21.21,71775912,0.7421,1.68,1.39,3156.05,600030,中信证券
2023-03-30,21.23,21.36,21.1,21.18,47886072,0.4951,-0.14,1.23,3151.58,600030,中信证券
2023-03-31,21.27,21.43,21.12,21.27,40593384,0.4197,0.42,1.46,3164.98,600030,中信证券
2023-04-03,21.19,21.28,21.14,21.18,53834352,0.5566,-0.42,0.66,3151.58,600030,中信证券
2023-04-04,22.47,22.54,22.15,22.34,70421832,0.7281,5.48,1.84,3324.19,600030,中信证券
2023-04-05,22.46,22.58,22.27,22.49,39268320,0.406,0.67,1.39,3346.51,600030,中信证券
2023-04-06,22.94,23.05,22.65,22.8,47121984,0.4872,1.38,1.78,3392.64,600030,中信证券
2023-04-07,22.83,23.02,22.57,22.76,40274208,0.4164,-0.18,1.97,3386.69,600030,中信证券
2023-04-10,22.83,22.92,22.8,22.84,35090016,0.3628,0.35,0.53,3398.59,600030,中信证券
2023-04-11,22.9,22.92,22.78,22.9,52963872,0.5476,0.26,0.61,3407.52,600030,中信证券
2023-04-12,22.96,23.02,22.84,22.97,38368824,0.3967,0.31,0.79,3417.94,600030,中信证券
2023-04-13,22.77,22.88,22.63,22.68,37237200,0.385,-1.26,1.09,3374.78,600030,中信证券
2023-04-14,22.44,22.47,22.26,22.4,34654776,0.3583,-1.23,0.93,3333.12,600030,中信证券
2023-04-17,21.66,21.81,21.54,21.75,101062728,1.0449,-2.9,1.21,3236.4,600030,中信证券
2023-04-18,21.95,22.01,21.63,21.81,67375152,0.6966,0.28,1.75,3245.33,600030,中信证券
2023-04-19,21.7,21.79,21.46,21.65,68332680,0.7065,-0.73,1.51,3221.52,600030,中信证券
2023-04-20,21.31,21.54,21.22,21.4,78149760,0.808,-1.15,1.48,3184.32,600030,中信证券
2023-04-21,21.82,22.0,21.7,21.85,94060200,0.9725,2.1,1.4,3251.28,600030,中信证券
2023-04-24,22.05,22.25,21.95,22.11,49104744,0.5077,1.19,1.37,3289.97,600030,中信证券
2023-04-25,23.17,23.28,22.89,23.04,69106440,0.7145,4.21,1.76,3428.35,600030,中信证券
2023-04-26,22.73,22.9,22.49,22.59,85171632,0.8806,-1.95,1.78,3361.39,600030,中信证券
2023-04-27,22.56,22.68,22.46,22.54,46599696,0.4818,-0.22,0.97,3353.95,600030,中信证券
2023-04-28,22.45,22.58,22.33,22.52,71988696,0.7443,-0.09,1.11,3350.98,600030,中信证券
2023-05-01,22.59,22.69,22.26,22.44,69396600,0.7175,-0.36,1.91,3339.07,600030,中信证券
2023-05-02,21.92,22.04,21.88,21.95,70857072,0.7326,-2.18,0.71,3266.16,600030,中信证券
2023-05-03,21.63,21.75,21.42,21.55,52489944,0.5427,-1.82,1.5,3206.64,600030,中信证券
2023-05-04,21.42,21.58,21.28,21.49,58941168,0.6094,-0.28,1.39,3197.71,600030,中信证券
2023-05-05,21.22,21.4,21.05,21.13,72549672,0.7501,-1.68,1.63,3144.14,600030,中信证券
2023-05-08,21.87,22.04,21.6,21.78,57229224,0.5917,3.08,2.08,3240.86,600030,中信证券
2023-05-09,22.0,22.18,21.76,21.91,39374712,0.4071,0.6,1.93,3260.21,600030,中信证券
2023-05-10,22.18,22.42,22.09,22.24,59705256,0.6173,1.51,1.51,3309.31,600030,中信证券
2023-05-11,21.96,22.06,21.87,21.94,84233448,0.8709,-1.35,0.85,3264.67,600030,中信证券
2023-05-12,22.31,22.48,21.95,22.16,55691376,0.5758,1.0,2.42,3297.41,600030,中信证券
2023-05-15,21.79,22.02,21.65,21.89,68700216,0.7103,-1.22,1.67,3257.23,600030,中信证券
2023-05-16,22.29,22.45,22.14,22.27,50748984,0.5247,1.74,1.42,3313.78,600030,中信证券
2023-05-17,22.16,22.3,21.93,22.03,63873888,0.6604,-1.08,1.66,3278.06,600030,中信证券
2023-05-18,21.95,22.16,21.82,22.08,65972712,0.6821,0.23,1.54,3285.5,600030,中信证券
2023-05-19,21.82,22.02,21.7,21.88,36482784,0.3772,-0.91,1.45,3255.74,600030,中信证券
2023-05-22,21.64,21.79,21.6,21.67,42479424,0.4392,-0.96,0.87,3224.5,600030,中信证券
2023-05-23,21.63,21.78,21.54,21.7,49008024,0.5067,0.14,1.11,3228.96,600030,中信证券
2023-05-24,21.89,21.99,21.69,21.8,56387760,0.583,0.46,1.38,3243.84,600030,中信证券
2023-05-25,22.33,22.51,22.16,22.27,78991224,0.8167,2.16,1.61,3313.78,600030,中信证券
2023-05-26,22.05,22.21,21.85,22.15,63893232,0.6606,-0.54,1.62,3295.92,600030,中信证券
2023-05-29,21.98,22.14,21.91,22.0,59947056,0.6198,-0.68,1.04,3273.6,600030,中信证券
2023-05-30,22.05,22.16,21.78,21.96,58660680,0.6065,-0.18,1.73,3267.65,600030,中信证券
2023-05-31,21.7,21.81,21.49,21.64,74909640,0.7745,-1.46,1.46,3220.03,600030,中信证券
2023-06-01,22.15,22.27,21.99,22.1,53921400,0.5575,2.13,1.29,3288.48,600030,中信证券
2023-06-02,22.07,22.23,21.91,22.02,74658168,0.7719,-0.36,1.45,3276.58,600030,中信证券
2023-06-05,22.17,22.35,22.03,22.25,67017288,0.6929,1.04,1.45,3310.8,600030,中信证券
2023-06-06,21.11,21.33,20.94,21.23,52103064,0.5387,-4.58,1.75,3159.02,600030,中信证券
2023-06-07,21.71,21.91,21.42,21.61,50729640,0.5245,1.79,2.31,3215.57,600030,中信证券
2023-06-08,21.93,22.09,21.72,21.84,84040008,0.8689,1.06,1.71,3249.79,600030,中信证券
2023-06-09,22.0,22.13,21.88,22.0,53805336,0.5563,0.73,1.14,3273.6,600030,中信证券
2023-06-12,22.51,22.6,22.47,22.53,95056416,0.9828,2.41,0.59,3352.46,600030,中信证券
2023-06-13,21.53,21.78,21.36,21.62,112640112,1.1646,-4.04,1.86,3217.06,600030,中信证券
2023-06-14,22.05,22.23,21.89,22.16,83479032,0.8631,2.5,1.57,3297.41,600030,中信证券
2023-06-15,22.47,22.68,22.33,22.53,58380192,0.6036,1.67,1.58,3352.46,600030,中信证券
2023-06-16,22.61,22.81,22.53,22.65,63399960,0.6555,0.53,1.24,3370.32,600030,中信证券
2023-06-19,22.82,22.94,22.67,22.81,47953776,0.4958,0.71,1.19,3394.13,600030,中信证券
2023-06-20,22.15,22.47,21.99,22.28,50739312,0.5246,-2.32,2.1,3315.26,600030,中信证券
2023-06-21,22.49,22.6,22.14,22.35,58999200,0.61,0.31,2.06,3325.68,600030,中信证券
2023-06-22,22.45,22.55,22.15,22.32,71321328,0.7374,-0.13,1.79,3321.22,600030,中信证券
2023-06-23,21.94,22.15,21.85,22.03,78430248,0.8109,-1.3,1.34,3278.06,600030,中信证券
2023-06-26,21.83,22.05,21.77,21.97,49685064,0.5137,-0.27,1.27,3269.14,600030,中信证券
2023-06-27,21.98,22.19,21.79,21.86,62964720,0.651,-0.5,1.82,3252.77,600030,中信证券
2023-06-28,21.52,21.63,21.32,21.43,89688456,0.9273,-1.97,1.42,3188.78,600030,中信证券
2023-06-29,21.34,21.46,21.2,21.39,56010552,0.5791,-0.19,1.21,3182.83,600030,中信证券
2023-06-30,21.31,21.44,21.17,21.27,34171176,0.3533,-0.56,1.26,3164.98,600030,中信证券
2023-07-03,21.02,21.26,20.84,21.15,39045864,0.4037,-0.56,1.97,3147.12,600030,中信证券
2023-07-04,20.62,20.73,20.53,20.58,69309552,0.7166,-2.7,0.95,3062.3,600030,中信证券
2023-07-05,20.22,20.44,20.13,20.32,79803672,0.8251,-1.26,1.51,3023.62,600030,中信证券
2023-07-06,20.43,20.49,20.3,20.39,33310368,0.3444,0.34,0.94,3034.03,600030,中信证券
2023-07-07,20.14,20.29,20.01,20.16,36221640,0.3745,-1.13,1.37,2999.81,600030,中信证券
2023-07-10,20.63,20.71,20.4,20.57,61610640,0.637,2.03,1.54,3060.82,600030,中信证券
2023-07-11,20.63,20.75,20.51,20.61,56900376,0.5883,0.19,1.17,3066.77,600030,中信证券
2023-07-12,20.44,20.55,20.26,20.47,52673712,0.5446,-0.68,1.41,3045.94,600030,中信证券
2023-07-13,20.2,20.35,20.04,20.27,68796936,0.7113,-0.98,1.51,3016.18,600030,中信证券
2023-07-14,20.21,20.37,20.02,20.18,54337296,0.5618,-0.44,1.73,3002.78,600030,中信证券
2023-07-17,19.92,20.03,19.69,19.82,39664872,0.4101,-1.78,1.68,2949.22,600030,中信证券
2023-07-18,19.53,19.57,19.45,19.5,89079120,0.921,-1.61,0.61,2901.6,600030,中信证券
2023-07-19,19.33,19.51,19.23,19.37,52199784,0.5397,-0.67,1.44,2882.26,600030,中信证券
2023-07-20,19.04,19.12,18.94,19.08,63467664,0.6562,-1.5,0.93,2839.1,600030,中信证券
2023-07-21,18.63,18.69,18.52,18.64,47673288,0.4929,-2.31,0.89,2773.63,600030,中信证券
2023-07-24,18.92,19.02,18.72,18.86,56097600,0.58,1.18,1.61,2806.37,600030,中信证券
2023-07-25,19.01,19.19,18.83,18.91,53457144,0.5527,0.27,1.91,2813.81,600030,中信证券
2023-07-26,18.8,18.95,18.67,18.82,69686760,0.7205,-0.48,1.48,2800.42,600030,中信证券
2023-07-27,17.99,18.2,17.9,18.05,80432352,0.8316,-4.09,1.59,2685.84,600030,中信证券
2023-07-28,17.98,18.14,17.84,18.06,36250656,0.3748,0.06,1.66,2687.33,600030,中信证券
2023-07-31,17.88,17.97,17.72,17.9,33339384,0.3447,-0.89,1.38,2663.52,600030,中信证券
2023-08-01,18.15,18.35,18.03,18.22,50071944,0.5177,1.79,1.79,2711.14,600030,中信证券
2023-08-02,18.31,18.42,18.17,18.36,35041656,0.3623,0.77,1.37,2731.97,600030,中信证券
2023-08-03,18.05,18.25,17.96,18.16,72646392,0.7511,-1.09,1.58,2702.21,600030,中信证券
2023-08-04,18.15,18.34,17.99,18.26,41318784,0.4272,0.55,1.93,2717.09,600030,中信证券
2023-08-07,17.37,17.39,17.25,17.37,114177960,1.1805,-4.87,0.77,2584.66,600030,中信证券
2023-08-08,17.27,17.4,17.14,17.32,63332256,0.6548,-0.29,1.5,2577.22,600030,中信证券
2023-08-09,17.39,17.6,17.35,17.48,36976056,0.3823,0.92,1.44,2601.02,600030,中信证券
2023-08-10,17.48,17.62,17.33,17.55,61939488,0.6404,0.4,1.66,2611.44,600030,中信证券
2023-08-11,17.81,17.91,17.61,17.73,44365464,0.4587,1.03,1.71,2638.22,600030,中信证券
2023-08-14,17.58,17.82,17.47,17.66,47702304,0.4932,-0.39,1.97,2627.81,600030,中信证券
2023-08-15,17.54,17.67,17.49,17.61,55024008,0.5689,-0.28,1.02,2620.37,600030,中信证券
2023-08-16,17.81,17.95,17.66,17.71,58718712,0.6071,0.57,1.65,2635.25,600030,中信证券
2023-08-17,17.54,17.57,17.42,17.5,71166576,0.7358,-1.19,0.85,2604.0,600030,中信证券
2023-08-18,17.55,17.61,17.42,17.52,64928136,0.6713,0.11,1.09,2606.98,600030,中信证券
2023-08-21,17.52,17.69,17.44,17.54,63322584,0.6547,0.11,1.43,2609.95,600030,中信证券
2023-08-22,17.9,18.14,17.84,17.99,55865472,0.5776,2.57,1.71,2676.91,600030,中信证券
2023-08-23,18.01,18.17,17.78,17.94,49975224,0.5167,-0.28,2.17,2669.47,600030,中信证券
2023-08-24,18.7,18.76,18.64,18.67,101101416,1.0453,4.07,0.67,2778.1,600030,中信证券
2023-08-25,18.68,18.82,18.62,18.77,65073216,0.6728,0.54,1.07,2792.98,600030,中信证券
2023-08-28,19.59,19.66,19.52,19.56,70673304,0.7307,4.21,0.75,2910.53,600030,中信证券
2023-08-29,20.2,20.25,20.12,20.18,99524880,1.029,3.17,0.66,3002.78,600030,中信证券
2023-08-30,20.29,20.37,20.05,20.16,33958392,0.3511,-0.1,1.59,2999.81,600030,中信证券
2023-08-31,20.08,20.2,20.0,20.11,34432320,0.356,-0.25,0.99,2992.37,600030,中信证券
2023-09-01,19.9,20.16,19.71,20.02,61039992,0.6311,-0.45,2.24,2978.98,600030,中信证券
2023-09-04,20.48,20.51,20.33,20.44,54453360,0.563,2.1,0.9,3041.47,600030,中信证券
2023-09-05,20.18,20.21,20.07,20.16,79919736,0.8263,-1.37,0.68,2999.81,600030,中信证券
2023-09-06,20.24,20.38,20.13,20.3,46435272,0.4801,0.69,1.24,3020.64,600030,中信证券
2023-09-07,21.54,21.65,21.32,21.47,125871408,1.3014,5.76,1.63,3194.74,600030,中信证券
2023-09-08,21.4,21.46,21.29,21.35,39307008,0.4064,-0.56,0.79,3176.88,600030,中信证券
2023-09-11,21.53,21.69,21.34,21.62,53853696,0.5568,1.26,1.64,3217.06,600030,中信证券
2023-09-12,21.48,21.68,21.33,21.6,35389848,0.3659,-0.09,1.62,3214.08,600030,中信证券
2023-09-13,21.27,21.37,21.15,21.28,62664888,0.6479,-1.48,1.02,3166.46,600030,中信证券
2023-09-14,22.14,22.26,22.03,22.07,61330152,0.6341,3.71,1.08,3284.02,600030,中信证券
2023-09-15,22.34,22.55,22.16,22.48,79078272,0.8176,1.86,1.77,3345.02,600030,中信证券
2023-09-18,21.94,22.11,21.85,21.95,76689288,0.7929,-2.36,1.16,3266.16,600030,中信证券
2023-09-19,22.48,22.58,22.39,22.45,71737224,0.7417,2.28,0.87,3340.56,600030,中信证券
2023-09-20,22.81,22.96,22.6,22.69,73091304,0.7557,1.07,1.6,3376.27,600030,中信证券
2023-09-21,22.09,22.17,21.82,21.97,66910896,0.6918,-3.17,1.54,3269.14,600030,中信证券
2023-09-22,21.88,22.02,21.7,21.88,32468904,0.3357,-0.41,1.46,3255.74,600030,中信证券
2023-09-25,21.76,22.04,21.57,21.87,36299016,0.3753,-0.05,2.15,3254.26,600030,中信证券
2023-09-26,22.15,22.27,22.02,22.07,52335192,0.5411,0.91,1.14,3284.02,600030,中信证券
2023-09-27,22.3,22.51,22.02,22.17,41995824,0.4342,0.45,2.22,3298.9,600030,中信证券
2023-09-28,22.13,22.39,21.95,22.23,44462184,0.4597,0.27,1.98,3307.82,600030,中信证券
2023-09-29,22.64,22.83,22.33,22.5,43949568,0.4544,1.21,2.25,3348.0,600030,中信证券
2023-10-02,22.49,22.55,22.33,22.52,70054296,0.7243,0.09,0.98,3350.98,600030,中信证券
2023-10-03,22.37,22.54,22.17,22.45,71843616,0.7428,-0.31,1.64,3340.56,600030,中信证券
2023-10-04,22.24,22.56,22.18,22.35,55923504,0.5782,-0.45,1.69,3325.68,600030,中信证券
2023-10-05,22.44,22.57,22.22,22.31,32430216,0.3353,-0.18,1.57,3319.73,600030,中信证券
2023-10-06,21.64,21.75,21.5,21.64,45593808,0.4714,-3.0,1.12,3220.03,600030,中信证券
2023-10-09,21.25,21.31,21.11,21.16,41715336,0.4313,-2.22,0.92,3148.61,600030,中信证券
2023-10-10,21.24,21.3,21.05,21.16,55004664,0.5687,0.0,1.18,3148.61,600030,中信证券
2023-10-11,21.6,21.74,21.41,21.48,71408376,0.7383,1.51,1.56,3196.22,600030,中信证券
2023-10-12,21.33,21.43,21.14,21.24,41289768,0.4269,-1.12,1.35,3160.51,600030,中信证券
2023-10-13,21.55,21.75,21.46,21.62,52760760,0.5455,1.79,1.37,3217.06,600030,中信证券
2023-10-16,21.46,21.56,21.28,21.36,65460096,0.6768,-1.2,1.3,3178.37,600030,中信证券
2023-10-17,21.61,21.83,21.44,21.71,79552200,0.8225,1.64,1.83,3230.45,600030,中信证券
2023-10-18,21.0,21.11,20.95,21.06,65963040,0.682,-2.99,0.74,3133.73,600030,中信证券
2023-10-19,20.87,21.01,20.79,20.85,50129976,0.5183,-1.0,1.04,3102.48,600030,中信证券
2023-10-20,21.29,21.34,21.13,21.3,61523592,0.6361,2.16,1.01,3169.44,600030,中信证券
2023-10-23,21.23,21.31,21.08,21.19,60488688,0.6254,-0.52,1.08,3153.07,600030,中信证券
2023-10-24,21.29,21.42,21.15,21.3,59579520,0.616,0.52,1.27,3169.44,600030,中信证券
2023-10-25,21.07,21.2,20.9,21.11,62190960,0.643,-0.89,1.41,3141.17,600030,中信证券
2023-10-26,21.2,21.5,21.1,21.35,45526104,0.4707,1.14,1.89,3176.88,600030,中信证券
2023-10-27,21.2,21.38,21.08,21.29,55497936,0.5738,-0.28,1.41,3167.95,600030,中信证券
2023-10-30,21.31,21.43,21.06,21.18,50594232,0.5231,-0.52,1.74,3151.58,600030,中信证券
2023-10-31,21.03,21.17,20.93,21.08,63835200,0.66,-0.47,1.13,3136.7,600030,中信证券
2023-11-01,20.79,20.95,20.59,20.67,69860856,0.7223,-1.94,1.71,3075.7,600030,中信证券
2023-11-02,21.39,21.57,21.26,21.31,42614832,0.4406,3.1,1.5,3170.93,600030,中信证券
2023-11-03,20.97,21.18,20.85,21.03,80490384,0.8322,-1.31,1.55,3129.26,600030,中信证券
2023-11-06,20.9,20.95,20.74,20.83,53002560,0.548,-0.95,1.0,3099.5,600030,中信证券
2023-11-07,20.62,20.67,20.49,20.55,86090472,0.8901,-1.34,0.86,3057.84,600030,中信证券
2023-11-08,19.97,20.25,19.86,20.07,53137968,0.5494,-2.34,1.9,2986.42,600030,中信证券
2023-11-09,19.78,19.92,19.65,19.76,77936976,0.8058,-1.54,1.35,2940.29,600030,中信证券
2023-11-10,19.97,20.13,19.78,19.88,50565216,0.5228,0.61,1.77,2958.14,600030,中信证券
2023-11-13,19.57,19.61,19.42,19.56,69938232,0.7231,-1.61,0.96,2910.53,600030,中信证券
2023-11-14,19.52,19.76,19.37,19.64,51261600,0.53,0.41,1.99,2922.43,600030,中信证券
2023-11-15,18.98,19.3,18.8,19.11,78739752,0.8141,-2.7,2.55,2843.57,600030,中信证券
2023-11-16,19.48,19.64,19.26,19.35,72636720,0.751,1.26,1.99,2879.28,600030,中信证券
2023-11-17,20.2,20.31,19.94,20.06,52277160,0.5405,3.67,1.91,2984.93,600030,中信证券
2023-11-20,19.92,20.06,19.71,19.82,47325096,0.4893,-1.2,1.74,2949.22,600030,中信证券
2023-11-21,19.16,19.31,19.03,19.16,86612760,0.8955,-3.33,1.41,2851.01,600030,中信证券
2023-11-22,19.35,19.52,19.2,19.36,45700200,0.4725,1.04,1.67,2880.77,600030,中信证券
2023-11-23,19.42,19.6,19.27,19.48,54076152,0.5591,0.62,1.7,2898.62,600030,中信证券
2023-11-24,19.33,19.47,19.19,19.25,49443264,0.5112,-1.18,1.44,2864.4,600030,中信证券
2023-11-27,19.03,19.21,18.88,19.14,45081192,0.4661,-0.57,1.71,2848.03,600030,中信证券
2023-11-28,18.64,18.84,18.55,18.75,66785160,0.6905,-2.04,1.52,2790.0,600030,中信证券
2023-11-29,18.74,18.92,18.59,18.77,31076136,0.3213,0.11,1.76,2792.98,600030,中信证券
2023-11-30,18.7,18.8,18.63,18.68,70663632,0.7306,-0.48,0.91,2779.58,600030,中信证券
2023-12-01,18.57,18.69,18.48,18.62,61204416,0.6328,-0.32,1.12,2770.66,600030,中信证券
2023-12-04,18.78,18.89,18.67,18.84,39258648,0.4059,1.18,1.18,2803.39,600030,中信证券
2023-12-05,18.68,18.97,18.53,18.79,32894472,0.3401,-0.27,2.34,2795.95,600030,中信证券
2023-12-06,19.04,19.12,18.98,19.04,53863368,0.5569,1.33,0.75,2833.15,600030,中信证券
2023-12-07,18.34,18.42,18.15,18.23,68332680,0.7065,-4.25,1.42,2712.62,600030,中信证券
2023-12-08,18.62,18.67,18.4,18.56,59772960,0.618,1.81,1.48,2761.73,600030,中信证券
2023-12-11,18.88,19.03,18.69,18.83,69493320,0.7185,1.45,1.83,2801.9,600030,中信证券
2023-12-12,18.83,18.87,18.59,18.76,52944528,0.5474,-0.37,1.49,2791.49,600030,中信证券
2023-12-13,18.44,18.58,18.4,18.49,49394904,0.5107,-1.44,0.96,2751.31,600030,中信证券
2023-12-14,18.34,18.49,18.19,18.29,63999624,0.6617,-1.08,1.62,2721.55,600030,中信证券
2023-12-15,18.62,18.82,18.49,18.67,72510984,0.7497,2.08,1.8,2778.1,600030,中信证券
2023-12-18,18.57,18.68,18.45,18.64,39248976,0.4058,-0.16,1.23,2773.63,600030,中信证券
2023-12-19,18.25,18.51,18.16,18.35,57722496,0.5968,-1.56,1.88,2730.48,600030,中信证券
2023-12-20,18.67,18.72,18.56,18.64,37169496,0.3843,1.58,0.87,2773.63,600030,中信证券
2023-12-21,18.6,18.71,18.56,18.64,44568576,0.4608,0.0,0.8,2773.63,600030,中信证券
2023-12-22,18.29,18.43,18.14,18.23,66514344,0.6877,-2.2,1.56,2712.62,600030,中信证券
2023-12-25,18.32,18.47,18.18,18.37,44172024,0.4567,0.77,1.59,2733.46,600030,中信证券
2023-12-26,18.67,18.73,18.64,18.69,87502584,0.9047,1.74,0.49,2781.07,600030,中信证券
2023-12-27,18.74,18.89,18.54,18.64,33078240,0.342,-0.27,1.87,2773.63,600030,中信证券
2023-12-28,18.69,18.98,18.55,18.81,59018544,0.6102,0.91,2.31,2798.93,600030,中信证券
2023-12-29,19.54,19.78,19.46,19.62,99428160,1.028,4.31,1.7,2919.46,600030,中信证券
2024-01-01,19.37,19.43,19.19,19.28,39645528,0.4099,-1.73,1.22,2868.86,600030,中信证券
2024-01-02,19.39,19.53,19.32,19.36,75161112,0.7771,0.41,1.09,2880.77,600030,中信证券
2024-01-03,19.34,19.55,19.23,19.46,60894912,0.6296,0.52,1.65,2895.65,600030,中信证券
2024-01-04,19.19,19.33,19.06,19.24,44936112,0.4646,-1.13,1.39,2862.91,600030,中信证券
2024-01-05,18.91,18.97,18.87,18.92,48592128,0.5024,-1.66,0.52,2815.3,600030,中信证券
2024-01-08,18.75,18.94,18.64,18.81,61136712,0.6321,-0.58,1.59,2798.93,600030,中信证券
2024-01-09,18.65,18.94,18.47,18.75,46444944,0.4802,-0.32,2.5,2790.0,600030,中信证券
2024-01-10,19.08,19.22,19.02,19.15,41193048,0.4259,2.13,1.07,2849.52,600030,中信证券
2024-01-11,19.2,19.36,19.09,19.15,38591280,0.399,0.0,1.41,2849.52,600030,中信证券
2024-01-12,18.85,18.92,18.72,18.87,74899968,0.7744,-1.46,1.04,2807.86,600030,中信证券
2024-01-15,18.94,19.03,18.83,18.99,74977344,0.7752,0.64,1.06,2825.71,600030,中信证券
2024-01-16,18.63,18.78,18.61,18.65,56107272,0.5801,-1.79,0.9,2775.12,600030,中信证券
2024-01-17,18.29,18.53,18.22,18.37,79716624,0.8242,-1.5,1.66,2733.46,600030,中信证券
2024-01-18,17.86,18.0,17.83,17.88,52712400,0.545,-2.67,0.93,2660.54,600030,中信证券
2024-01-19,18.19,18.34,17.97,18.13,44791032,0.4631,1.4,2.07,2697.74,600030,中信证券
2024-01-22,18.12,18.19,17.99,18.16,51039144,0.5277,0.17,1.1,2702.21,600030,中信证券
2024-01-23,17.76,17.89,17.5,17.64,43901208,0.4539,-2.86,2.15,2624.83,600030,中信证券
2024-01-24,17.75,17.98,17.61,17.86,44645952,0.4616,1.25,2.1,2657.57,600030,中信证券
2024-01-25,17.3,17.53,17.22,17.41,88102248,0.9109,-2.52,1.74,2590.61,600030,中信证券
2024-01-26,17.45,17.51,17.35,17.39,47083296,0.4868,-0.11,0.92,2587.63,600030,中信证券
2024-01-29,17.75,17.89,17.66,17.71,44230056,0.4573,1.84,1.32,2635.25,600030,中信证券
2024-01-30,17.53,17.66,17.44,17.53,36211968,0.3744,-1.02,1.24,2608.46,600030,中信证券
2024-01-31,18.39,18.59,18.34,18.48,64899120,0.671,5.42,1.43,2749.82,600030,中信证券
2024-02-01,18.47,18.58,18.26,18.4,64666992,0.6686,-0.43,1.73,2737.92,600030,中信证券
2024-02-02,17.99,18.15,17.79,17.91,69415944,0.7177,-2.66,1.96,2665.01,600030,中信证券
2024-02-05,18.1,18.26,17.88,17.99,48330984,0.4997,0.45,2.12,2676.91,600030,中信证券
2024-02-06,18.17,18.29,17.94,18.08,40815840,0.422,0.5,1.95,2690.3,600030,中信证券
2024-02-07,18.47,18.57,18.33,18.49,88392408,0.9139,2.27,1.33,2751.31,600030,中信证券
2024-02-08,18.86,18.99,18.74,18.88,81834792,0.8461,2.11,1.35,2809.34,600030,中信证券
2024-02-09,18.06,18.15,17.92,18.07,77733864,0.8037,-4.29,1.22,2688.82,600030,中信证券
2024-02-12,18.67,18.78,18.53,18.65,106246920,1.0985,3.21,1.38,2775.12,600030,中信证券
2024-02-13,19.12,19.39,18.95,19.25,101942880,1.054,3.22,2.36,2864.4,600030,中信证券
2024-02-14,19.18,19.24,19.09,19.18,54085824,0.5592,-0.36,0.78,2853.98,600030,中信证券
2024-02-15,19.4,19.46,19.12,19.3,35602632,0.3681,0.63,1.77,2871.84,600030,中信证券
2024-02-16,19.47,19.7,19.42,19.56,35544600,0.3675,1.35,1.45,2910.53,600030,中信证券
2024-02-19,19.34,19.43,19.23,19.31,45226272,0.4676,-1.28,1.02,2873.33,600030,中信证券
2024-02-20,19.83,19.91,19.68,19.8,79223352,0.8191,2.54,1.19,2946.24,600030,中信证券
2024-02-21,19.69,19.85,19.47,19.59,43949568,0.4544,-1.06,1.92,2914.99,600030,中信证券
2024-02-22,19.79,20.02,19.73,19.9,47508864,0.4912,1.58,1.48,2961.12,600030,中信证券
2024-02-23,19.71,19.95,19.53,19.78,62345712,0.6446,-0.6,2.11,2943.26,600030,中信证券
2024-02-26,20.23,20.34,20.08,20.16,48108528,0.4974,1.92,1.31,2999.81,600030,中信证券
2024-02-27,20.16,20.24,19.91,20.02,63902904,0.6607,-0.69,1.64,2978.98,600030,中信证券
2024-02-28,19.35,19.41,19.23,19.37,100946664,1.0437,-3.25,0.9,2882.26,600030,中信证券
2024-02-29,18.85,19.06,18.7,18.94,51996672,0.5376,-2.22,1.86,2818.27,600030,中信证券
2024-03-01,18.82,19.0,18.62,18.73,72104760,0.7455,-1.11,2.01,2787.02,600030,中信证券
2024-03-04,18.74,18.95,18.68,18.81,31163184,0.3222,0.43,1.44,2798.93,600030,中信证券
2024-03-05,18.51,18.66,18.3,18.44,75499632,0.7806,-1.97,1.91,2743.87,600030,中信证券
2024-03-06,18.67,18.8,18.6,18.67,62442432,0.6456,1.25,1.08,2778.1,600030,中信证券
2024-03-07,18.4,18.6,18.25,18.47,69454632,0.7181,-1.07,1.87,2748.34,600030,中信证券
2024-03-08,18.38,18.52,18.31,18.46,62210304,0.6432,-0.05,1.14,2746.85,600030,中信证券
2024-03-11,18.58,18.66,18.48,18.53,61968504,0.6407,0.38,0.98,2757.26,600030,中信证券
2024-03-12,18.72,18.8,18.48,18.61,34238880,0.354,0.43,1.73,2769.17,600030,中信证券
2024-03-13,18.72,18.89,18.61,18.79,39277992,0.4061,0.97,1.5,2795.95,600030,中信证券
2024-03-14,18.37,18.5,18.19,18.32,77008464,0.7962,-2.5,1.65,2726.02,600030,中信证券
2024-03-15,18.23,18.36,18.17,18.28,40187160,0.4155,-0.22,1.04,2720.06,600030,中信证券
2024-03-18,18.76,18.82,18.62,18.75,76273392,0.7886,2.57,1.09,2790.0,600030,中信证券
2024-03-19,18.43,18.52,18.32,18.39,83382312,0.8621,-1.92,1.07,2736.43,600030,中信证券
2024-03-20,18.29,18.48,18.14,18.4,53747304,0.5557,0.05,1.85,2737.92,600030,中信证券
2024-03-21,18.62,18.79,18.52,18.57,36434424,0.3767,0.92,1.47,2763.22,600030,中信证券
2024-03-22,18.48,18.64,18.41,18.58,44046288,0.4554,0.05,1.24,2764.7,600030,中信证券
2024-03-25,18.56,18.67,18.34,18.46,44394480,0.459,-0.65,1.78,2746.85,600030,中信证券
2024-03-26,18.35,18.48,18.28,18.35,66843192,0.6911,-0.6,1.08,2730.48,600030,中信证券
2024-03-27,18.36,18.47,18.2,18.29,73207368,0.7569,-0.33,1.47,2721.55,600030,中信证券
2024-03-28,18.46,18.53,18.25,18.38,56281368,0.5819,0.49,1.53,2734.94,600030,中信证券
2024-03-29,18.29,18.35,18.17,18.3,74764560,0.773,-0.44,0.98,2723.04,600030,中信证券
2024-04-01,18.27,18.45,18.09,18.38,45081192,0.4661,0.44,1.97,2734.94,600030,中信证券
2024-04-02,18.19,18.31,18.12,18.2,75625368,0.7819,-0.98,1.03,2708.16,600030,中信证券
2024-04-03,18.09,18.32,17.99,18.2,42266640,0.437,0.0,1.81,2708.16,600030,中信证券
2024-04-04,18.36,18.41,18.23,18.37,33329712,0.3446,0.93,0.99,2733.46,600030,中信证券
2024-04-05,18.29,18.38,18.08,18.21,45574464,0.4712,-0.87,1.63,2709.65,600030,中信证券
2024-04-08,18.27,18.42,18.03,18.16,66378936,0.6863,-0.27,2.14,2702.21,600030,中信证券
2024-04-09,18.3,18.32,18.21,18.29,65508456,0.6773,0.72,0.61,2721.55,600030,中信证券
2024-04-10,18.34,18.61,18.18,18.44,66349920,0.686,0.82,2.35,2743.87,600030,中信证券
2024-04-11,18.07,18.17,18.0,18.13,43601376,0.4508,-1.68,0.92,2697.74,600030,中信证券
2024-04-12,17.96,18.11,17.89,17.97,35051328,0.3624,-0.88,1.21,2673.94,600030,中信证券
2024-04-15,17.6,17.82,17.5,17.69,43127448,0.4459,-1.56,1.78,2632.27,600030,中信证券
2024-04-16,17.85,17.98,17.78,17.84,65827632,0.6806,0.85,1.13,2654.59,600030,中信证券
2024-04-17,17.63,17.7,17.46,17.57,76892400,0.795,-1.51,1.35,2614.42,600030,中信证券
2024-04-18,17.34,17.47,17.23,17.36,50313744,0.5202,-1.2,1.37,2583.17,600030,中信证券
2024-04-19,16.79,16.98,16.65,16.84,81689712,0.8446,-3.0,1.9,2505.79,600030,中信证券
2024-04-22,16.36,16.46,16.18,16.24,94214952,0.9741,-3.56,1.66,2416.51,600030,中信证券
2024-04-23,16.26,16.34,16.13,16.27,46754448,0.4834,0.18,1.29,2420.98,600030,中信证券
2024-04-24,16.2,16.33,16.13,16.26,55710720,0.576,-0.06,1.23,2419.49,600030,中信证券
2024-04-25,15.86,15.9,15.78,15.85,55788096,0.5768,-2.52,0.74,2358.48,600030,中信证券
2024-04-26,16.02,16.11,15.83,15.92,39597168,0.4094,0.44,1.77,2368.9,600030,中信证券
2024-04-29,16.3,16.37,16.11,16.23,83653128,0.8649,1.95,1.63,2415.02,600030,中信证券
2024-04-30,16.53,16.59,16.34,16.45,61020648,0.6309,1.36,1.54,2447.76,600030,中信证券
2024-05-01,16.47,16.61,16.38,16.48,47015592,0.4861,0.18,1.4,2452.22,600030,中信证券
2024-05-02,15.82,15.9,15.76,15.84,104854152,1.0841,-3.88,0.85,2356.99,600030,中信证券
2024-05-03,16.17,16.41,16.03,16.27,93915120,0.971,2.71,2.4,2420.98,600030,中信证券
2024-05-06,16.42,16.56,16.34,16.46,54569424,0.5642,1.17,1.35,2449.25,600030,中信证券
2024-05-07,16.89,17.09,16.82,17.0,84475248,0.8734,3.28,1.64,2529.6,600030,中信证券
2024-05-08,17.14,17.36,17.03,17.25,62423088,0.6454,1.47,1.94,2566.8,600030,中信证券
2024-05-09,17.2,17.34,17.05,17.13,57180864,0.5912,-0.7,1.68,2548.94,600030,中信证券
2024-05-10,17.07,17.18,16.93,17.14,61175400,0.6325,0.06,1.46,2550.43,600030,中信证券
2024-05-13,16.87,17.01,16.85,16.88,49868832,0.5156,-1.52,0.93,2511.74,600030,中信证券
2024-05-14,17.56,17.72,17.51,17.61,87038328,0.8999,4.32,1.24,2620.37,600030,中信证券
2024-05-15,17.76,17.86,17.64,17.74,76041264,0.7862,0.74,1.25,2639.71,600030,中信证券
2024-05-16,17.9,17.97,17.87,17.92,63960936,0.6613,1.01,0.56,2666.5,600030,中信证券
2024-05-17,17.68,17.74,17.54,17.67,58979856,0.6098,-1.4,1.12,2629.3,600030,中信证券
2024-05-20,18.18,18.3,17.99,18.12,89881896,0.9293,2.55,1.75,2696.26,600030,中信证券
2024-05-21,18.11,18.27,18.06,18.17,58447896,0.6043,0.28,1.16,2703.7,600030,中信证券
2024-05-22,17.94,18.01,17.76,17.86,73749000,0.7625,-1.71,1.38,2657.57,600030,中信证券
2024-05-23,17.95,18.02,17.76,17.88,35380176,0.3658,0.11,1.46,2660.54,600030,中信证券
2024-05-24,17.44,17.68,17.38,17.56,61136712,0.6321,-1.79,1.68,2612.93,600030,中信证券
2024-05-27,17.82,17.93,17.69,17.8,68613168,0.7094,1.37,1.37,2648.64,600030,中信证券
2024-05-28,17.9,17.98,17.71,17.78,34103472,0.3526,-0.11,1.52,2645.66,600030,中信证券
2024-05-29,17.95,18.06,17.75,17.9,50178336,0.5188,0.67,1.74,2663.52,600030,中信证券
2024-05-30,18.34,18.49,18.26,18.3,60653112,0.6271,2.23,1.28,2723.04,600030,中信证券
2024-05-31,18.04,18.24,17.9,18.12,58486584,0.6047,-0.98,1.86,2696.26,600030,中信证券
2024-06-03,18.1,18.31,18.0,18.17,71456736,0.7388,0.28,1.71,2703.7,600030,中信证券
2024-06-04,18.12,18.32,17.97,18.19,39394056,0.4073,0.11,1.93,2706.67,600030,中信证券
2024-06-05,17.9,18.2,17.82,18.02,77869272,0.8051,-0.93,2.09,2681.38,600030,中信证券
2024-06-06,17.7,17.89,17.56,17.79,60769176,0.6283,-1.28,1.83,2647.15,600030,中信证券
2024-06-07,17.82,17.96,17.67,17.84,61465560,0.6355,0.28,1.63,2654.59,600030,中信证券
2024-06-10,18.18,18.42,18.11,18.26,91110240,0.942,2.35,1.74,2717.09,600030,中信证券
2024-06-11,18.05,18.35,17.91,18.17,39877656,0.4123,-0.49,2.41,2703.7,600030,中信证券
2024-06-12,17.97,18.06,17.84,18.0,77201904,0.7982,-0.94,1.21,2678.4,600030,中信证券
2024-06-13,17.84,17.99,17.69,17.81,40670760,0.4205,-1.06,1.67,2650.13,600030,中信证券
2024-06-14,18.1,18.14,17.95,18.06,82685928,0.8549,1.4,1.07,2687.33,600030,中信证券
2024-06-17,17.83,18.12,17.69,17.95,64821744,0.6702,-0.61,2.38,2670.96,600030,中信证券
2024-06-18,17.8,17.88,17.72,17.8,64376832,0.6656,-0.84,0.89,2648.64,600030,中信证券
2024-06-19,17.65,17.83,17.56,17.69,76495848,0.7909,-0.62,1.52,2632.27,600030,中信证券
2024-06-20,17.53,17.72,17.39,17.59,49820472,0.5151,-0.57,1.87,2617.39,600030,中信证券
2024-06-21,17.9,18.04,17.64,17.8,73294416,0.7578,1.19,2.27,2648.64,600030,中信证券
2024-06-24,17.59,17.74,17.51,17.68,38649312,0.3996,-0.67,1.29,2630.78,600030,中信证券
2024-06-25,17.52,17.59,17.3,17.43,76698960,0.793,-1.41,1.64,2593.58,600030,中信证券
2024-06-26,17.55,17.75,17.52,17.61,36270000,0.375,1.03,1.32,2620.37,600030,中信证券
2024-06-27,17.97,18.12,17.85,18.0,43669080,0.4515,2.21,1.53,2678.4,600030,中信证券
2024-06-28,18.33,18.41,18.14,18.25,50023584,0.5172,1.39,1.5,2715.6,600030,中信证券
2024-07-01,18.37,18.53,18.1,18.25,66407952,0.6866,0.0,2.36,2715.6,600030,中信证券
2024-07-02,18.37,18.55,18.23,18.44,76447488,0.7904,1.04,1.75,2743.87,600030,中信证券
2024-07-03,18.53,18.84,18.39,18.66,53041248,0.5484,1.19,2.44,2776.61,600030,中信证券
2024-07-04,19.0,19.07,18.88,19.02,42092544,0.4352,1.93,1.02,2830.18,600030,中信证券
2024-07-05,19.19,19.35,19.09,19.24,62780952,0.6491,1.16,1.37,2862.91,600030,中信证券
2024-07-08,19.09,19.19,18.86,18.97,46328880,0.479,-1.4,1.72,2822.74,600030,中信证券
2024-07-09,19.29,19.39,19.2,19.3,40477320,0.4185,1.74,1.0,2871.84,600030,中信证券
2024-07-10,19.64,19.9,19.54,19.73,64918464,0.6712,2.23,1.87,2935.82,600030,中信证券
2024-07-11,19.89,19.98,19.79,19.9,44636280,0.4615,0.86,0.96,2961.12,600030,中信证券
2024-07-12,20.52,20.75,20.35,20.61,49124088,0.5079,3.57,2.01,3066.77,600030,中信证券
2024-07-15,21.08,21.22,20.95,21.09,71234280,0.7365,2.33,1.31,3138.19,600030,中信证券
2024-07-16,20.56,20.78,20.5,20.63,58854120,0.6085,-2.18,1.33,3069.74,600030,中信证券
2024-07-17,20.23,20.48,20.05,20.3,43050072,0.4451,-1.6,2.08,3020.64,600030,中信证券
2024-07-18,20.71,20.97,20.61,20.83,64850760,0.6705,2.61,1.77,3099.5,600030,中信证券
2024-07-19,20.22,20.49,20.04,20.35,61001304,0.6307,-2.3,2.16,3028.08,600030,中信证券
2024-07-22,20.67,20.82,20.6,20.67,75054720,0.776,1.57,1.08,3075.7,600030,中信证券
2024-07-23,20.55,20.79,20.39,20.62,72423936,0.7488,-0.24,1.94,3068.26,600030,中信证券
2024-07-24,20.03,20.17,19.94,20.11,95085432,0.9831,-2.47,1.12,2992.37,600030,中信证券
2024-07-25,19.88,19.95,19.73,19.79,67230072,0.6951,-1.59,1.09,2944.75,600030,中信证券
2024-07-26,19.95,19.99,19.85,19.95,47876400,0.495,0.81,0.71,2968.56,600030,中信证券
2024-07-29,20.62,20.7,20.42,20.57,56271696,0.5818,3.11,1.4,3060.82,600030,中信证券
2024-07-30,20.79,20.86,20.57,20.73,41879760,0.433,0.78,1.41,3084.62,600030,中信证券
2024-07-31,20.67,20.89,20.48,20.8,41396160,0.428,0.34,1.98,3095.04,600030,中信证券
2024-08-01,20.64,20.85,20.56,20.74,41086656,0.4248,-0.29,1.39,3086.11,600030,中信证券
2024-08-02,20.88,21.09,20.71,21.01,62510136,0.6463,1.3,1.83,3126.29,600030,中信证券
2024-08-05,20.49,20.61,20.31,20.37,59801976,0.6183,-3.05,1.43,3031.06,600030,中信证券
2024-08-06,20.68,20.87,20.51,20.77,47547552,0.4916,1.96,1.77,3090.58,600030,中信证券
2024-08-07,20.56,20.61,20.35,20.49,36927696,0.3818,-1.35,1.25,3048.91,600030,中信证券
2024-08-08,20.95,21.1,20.73,20.81,76998792,0.7961,1.56,1.81,3096.53,600030,中信证券
2024-08-09,21.16,21.27,20.89,21.06,65692224,0.6792,1.2,1.83,3133.73,600030,中信证券
2024-08-12,20.94,21.27,20.77,21.07,55865472,0.5776,0.05,2.37,3135.22,600030,中信证券
2024-08-13,21.32,21.44,21.15,21.24,81496272,0.8426,0.81,1.38,3160.51,600030,中信证券
2024-08-14,21.17,21.36,20.87,21.05,67665312,0.6996,-0.89,2.31,3132.24,600030,中信证券
2024-08-15,20.77,21.03,20.59,20.88,37885224,0.3917,-0.81,2.09,3106.94,600030,中信证券
2024-08-16,21.12,21.27,20.97,21.06,75335208,0.7789,0.86,1.44,3133.73,600030,中信证券
2024-08-19,20.87,21.07,20.77,20.95,73942440,0.7645,-0.52,1.42,3117.36,600030,中信证券
2024-08-20,20.88,20.96,20.62,20.74,46058064,0.4762,-1.0,1.62,3086.11,600030,中信证券
2024-08-21,21.02,21.19,20.71,20.87,68206944,0.7052,0.63,2.31,3105.46,600030,中信证券
2024-08-22,20.96,21.29,20.89,21.1,67181712,0.6946,1.1,1.92,3139.68,600030,中信证券
2024-08-23,21.07,21.4,20.93,21.2,73023600,0.755,0.47,2.23,3154.56,600030,中信证券
2024-08-26,21.32,21.46,21.24,21.29,45835608,0.4739,0.42,1.04,3167.95,600030,中信证券
2024-08-27,21.45,21.49,21.31,21.44,38649312,0.3996,0.7,0.85,3190.27,600030,中信证券
2024-08-28,21.19,21.31,21.03,21.17,82192656,0.8498,-1.26,1.31,3150.1,600030,中信证券
2024-08-29,21.85,21.96,21.66,21.9,56262024,0.5817,3.45,1.42,3258.72,600030,中信证券
2024-08-30,21.78,21.97,21.5,21.66,47779680,0.494,-1.1,2.15,3223.01,600030,中信证券
2024-09-02,21.59,21.65,21.43,21.6,59666568,0.6169,-0.28,1.02,3214.08,600030,中信证券
2024-09-03,21.37,21.43,21.22,21.28,39722904,0.4107,-1.48,0.97,3166.46,600030,中信证券
2024-09-04,21.22,21.46,21.1,21.33,44742672,0.4626,0.23,1.69,3173.9,600030,中信证券
2024-09-05,21.11,21.37,20.96,21.24,39384384,0.4072,-0.42,1.92,3160.51,600030,中信证券
2024-09-06,21.85,22.01,21.73,21.92,48708192,0.5036,3.2,1.32,3261.7,600030,中信证券
2024-09-09,21.6,21.68,21.27,21.47,71563128,0.7399,-2.05,1.87,3194.74,600030,中信证券
2024-09-10,21.22,21.26,21.11,21.22,78546312,0.8121,-1.16,0.7,3157.54,600030,中信证券
2024-09-11,21.31,21.46,21.14,21.2,60333936,0.6238,-0.09,1.51,3154.56,600030,中信证券
2024-09-12,20.84,20.9,20.71,20.8,57906264,0.5987,-1.89,0.9,3095.04,600030,中信证券
2024-09-13,20.66,20.72,20.46,20.53,80886936,0.8363,-1.3,1.25,3054.86,600030,中信证券
2024-09-16,21.35,21.55,21.14,21.24,89959272,0.9301,3.46,2.0,3160.51,600030,中信证券
2024-09-17,20.89,20.98,20.74,20.93,44481528,0.4599,-1.46,1.13,3114.38,600030,中信证券
2024-09-18,21.21,21.55,21.07,21.36,68468088,0.7079,2.05,2.29,3178.37,600030,中信证券
2024-09-19,20.79,20.96,20.57,20.72,83440344,0.8627,-3.0,1.83,3083.14,600030,中信证券
2024-09-20,21.21,21.38,21.08,21.17,96226728,0.9949,2.17,1.45,3150.1,600030,中信证券
2024-09-23,21.5,21.6,21.34,21.41,52586664,0.5437,1.13,1.23,3185.81,600030,中信证券
2024-09-24,21.68,21.77,21.36,21.57,72859176,0.7533,0.75,1.91,3209.62,600030,中信证券
2024-09-25,21.34,21.62,21.13,21.48,41531568,0.4294,-0.42,2.27,3196.22,600030,中信证券
2024-09-26,21.33,21.43,21.28,21.37,77898288,0.8054,-0.51,0.7,3179.86,600030,中信证券
2024-09-27,21.48,21.69,21.2,21.33,50313744,0.5202,-0.19,2.29,3173.9,600030,中信证券
2024-09-30,21.28,21.38,20.99,21.15,51338976,0.5308,-0.84,1.83,3147.12,600030,中信证券
2024-10-01,20.9,21.01,20.75,20.93,41309112,0.4271,-1.04,1.23,3114.38,600030,中信证券
2024-10-02,20.57,20.63,20.48,20.57,90433200,0.935,-1.72,0.72,3060.82,600030,中信证券
2024-10-03,20.88,21.03,20.77,20.96,51890280,0.5365,1.9,1.26,3118.85,600030,中信证券
2024-10-04,21.71,21.75,21.58,21.72,72530328,0.7499,3.63,0.81,3231.94,600030,中信证券
2024-10-07,21.79,21.98,21.68,21.74,63641760,0.658,0.09,1.38,3234.91,600030,中信证券
2024-10-08,21.69,21.83,21.5,21.77,30998760,0.3205,0.14,1.52,3239.38,600030,中信证券
2024-10-09,21.95,22.07,21.78,21.86,62461776,0.6458,0.41,1.33,3252.77,600030,中信证券
2024-10-10,21.67,21.78,21.47,21.55,51948312,0.5371,-1.42,1.42,3206.64,600030,中信证券
2024-10-11,21.14,21.25,20.99,21.06,49414248,0.5109,-2.27,1.21,3133.73,600030,中信证券
2024-10-14,21.2,21.4,21.04,21.1,65431080,0.6765,0.19,1.71,3139.68,600030,中信证券
2024-10-15,21.3,21.33,21.17,21.3,50023584,0.5172,0.95,0.76,3169.44,600030,中信证券
2024-10-16,20.9,21.17,20.83,21.0,40061424,0.4142,-1.41,1.6,3124.8,600030,中信证券
2024-10-17,20.27,20.32,20.1,20.25,70953792,0.7336,-3.57,1.05,3013.2,600030,中信证券
2024-10-18,19.88,20.04,19.68,19.82,62413416,0.6453,-2.12,1.78,2949.22,600030,中信证券
2024-10-21,19.83,20.12,19.75,19.93,60092136,0.6213,0.55,1.87,2965.58,600030,中信证券
2024-10-22,19.7,19.79,19.66,19.72,49588344,0.5127,-1.05,0.65,2934.34,600030,中信证券
2024-10-23,19.38,19.46,19.3,19.38,61175400,0.6325,-1.72,0.81,2883.74,600030,中信证券
2024-10-24,19.19,19.36,19.17,19.2,53331408,0.5514,-0.93,0.98,2856.96,600030,中信证券
2024-10-25,19.23,19.34,19.07,19.29,46725432,0.4831,0.47,1.41,2870.35,600030,中信证券
2024-10-28,19.28,19.35,19.19,19.23,40960920,0.4235,-0.31,0.83,2861.42,600030,中信证券
2024-10-29,19.84,20.01,19.74,19.85,73555560,0.7605,3.22,1.4,2953.68,600030,中信证券
2024-10-30,19.79,19.9,19.67,19.79,49211136,0.5088,-0.3,1.16,2944.75,600030,中信证券
2024-10-31,19.43,19.57,19.4,19.43,51861264,0.5362,-1.82,0.86,2891.18,600030,中信证券
2024-11-01,19.26,19.44,19.14,19.28,39984048,0.4134,-0.77,1.54,2868.86,600030,中信证券
2024-11-04,18.72,18.83,18.65,18.72,71427720,0.7385,-2.9,0.93,2785.54,600030,中信证券
2024-11-05,18.98,19.28,18.84,19.09,82714944,0.8552,1.98,2.35,2840.59,600030,中信证券
2024-11-06,19.18,19.3,19.06,19.16,74155224,0.7667,0.37,1.26,2851.01,600030,中信证券
2024-11-07,18.99,19.17,18.69,18.86,66398280,0.6865,-1.57,2.51,2806.37,600030,中信证券
2024-11-08,19.03,19.28,18.91,19.14,72433608,0.7489,1.48,1.96,2848.03,600030,中信证券
2024-11-11,19.22,19.37,19.14,19.3,41338128,0.4274,0.84,1.2,2871.84,600030,中信证券
2024-11-12,19.24,19.31,19.09,19.19,60169512,0.6221,-0.57,1.14,2855.47,600030,中信证券
2024-11-13,19.07,19.23,18.92,19.17,30263688,0.3129,-0.1,1.62,2852.5,600030,中信证券
2024-11-14,19.21,19.34,19.04,19.15,61707360,0.638,-0.1,1.56,2849.52,600030,中信证券
2024-11-15,19.42,19.55,19.23,19.29,41502552,0.4291,0.73,1.67,2870.35,600030,中信证券
2024-11-18,18.53,18.74,18.47,18.64,74455056,0.7698,-3.37,1.4,2773.63,600030,中信证券
2024-11-19,18.33,18.46,18.26,18.42,83682144,0.8652,-1.18,1.07,2740.9,600030,中信证券
2024-11-20,18.35,18.57,18.29,18.47,55517280,0.574,0.27,1.52,2748.34,600030,中信证券
2024-11-21,18.66,18.92,18.52,18.78,69783480,0.7215,1.68,2.17,2794.46,600030,中信证券
2024-11-22,18.77,18.9,18.7,18.83,48833928,0.5049,0.27,1.06,2801.9,600030,中信证券
2024-11-25,19.27,19.58,19.2,19.39,57132504,0.5907,2.97,2.02,2885.23,600030,中信证券
2024-11-26,19.67,19.74,19.52,19.59,54859584,0.5672,1.03,1.13,2914.99,600030,中信证券
2024-11-27,19.68,19.73,19.49,19.59,70257408,0.7264,0.0,1.23,2914.99,600030,中信证券
2024-11-28,19.51,19.68,19.33,19.47,73265400,0.7575,-0.61,1.79,2897.14,600030,中信证券
2024-11-29,19.38,19.6,19.32,19.51,41986152,0.4341,0.21,1.44,2903.09,600030,中信证券
2024-12-02,19.63,19.81,19.44,19.51,52112736,0.5388,0.0,1.9,2903.09,600030,中信证券
2024-12-03,19.65,19.8,19.6,19.69,74716200,0.7725,0.92,1.03,2929.87,600030,中信证券
2024-12-04,20.34,20.45,20.2,20.28,96178368,0.9944,3.0,1.27,3017.66,600030,中信证券
2024-12-05,19.78,19.89,19.7,19.75,45845280,0.474,-2.61,0.94,2938.8,600030,中信证券
2024-12-06,19.33,19.57,19.21,19.46,80016456,0.8273,-1.47,1.82,2895.65,600030,中信证券
2024-12-09,19.45,19.49,19.28,19.4,73197696,0.7568,-0.31,1.08,2886.72,600030,中信证券
2024-12-10,19.17,19.33,19.12,19.18,70305768,0.7269,-1.13,1.08,2853.98,600030,中信证券
2024-12-11,19.23,19.39,19.09,19.2,41870088,0.4329,0.1,1.56,2856.96,600030,中信证券
2024-12-12,19.5,19.73,19.37,19.59,68767920,0.711,2.03,1.87,2914.99,600030,中信证券
2024-12-13,19.38,19.53,19.25,19.37,73400808,0.7589,-1.12,1.43,2882.26,600030,中信证券
2024-12-16,19.41,19.43,19.26,19.4,33291024,0.3442,0.15,0.88,2886.72,600030,中信证券
2024-12-17,19.71,19.86,19.68,19.75,71891976,0.7433,1.8,0.93,2938.8,600030,中信证券
2024-12-18,20.16,20.32,19.94,20.02,44384808,0.4589,1.37,1.92,2978.98,600030,中信证券
2024-12-19,19.67,19.83,19.59,19.76,47431488,0.4904,-1.3,1.2,2940.29,600030,中信证券
2024-12-20,19.96,20.23,19.79,20.05,66137136,0.6838,1.47,2.23,2983.44,600030,中信证券
2024-12-23,19.92,20.02,19.75,19.81,70112328,0.7249,-1.2,1.35,2947.73,600030,中信证券
2024-12-24,20.69,20.78,20.59,20.74,103809576,1.0733,4.69,0.96,3086.11,600030,中信证券
2024-12-25,21.32,21.48,21.06,21.18,58834776,0.6083,2.12,2.03,3151.58,600030,中信证券
2024-12-26,21.31,21.39,21.23,21.28,74667840,0.772,0.47,0.76,3166.46,600030,中信证券
2024-12-27,21.75,21.89,21.58,21.7,87928152,0.9091,1.97,1.46,3228.96,600030,中信证券
2024-12-30,21.48,21.69,21.44,21.51,73652280,0.7615,-0.88,1.15,3200.69,600030,中信证券
2024-12-31,22.41,22.58,22.31,22.38,99892416,1.0328,4.04,1.26,3330.14,600030,中信证券
